-- Wipe the current database
PRAGMA foreign_keys = OFF;
DELETE FROM task_users;
DELETE FROM tasks;
DELETE FROM room_invitations;
DELETE FROM room_members;
DELETE FROM finance_summaries;
DELETE FROM payments;
DELETE FROM bills;
DELETE FROM rooms;
DELETE FROM users;

-- Insert new data
INSERT INTO users (id, username, email, password_hash, name, profile_picture_url, created_at, updated_at) VALUES ('1', 'mt', 'majidtaherkhani555@gmail.com', 'scrypt:32768:8:1$DetlFmyj49ShKYRw$04e13fb83836fb71f20ed9a605b10c6761488dde8ed57e3e5a74fa1d7fa8b86a79e2cf7b484322b72b436b16794565504255db93efa15f45d22023ee0bb0bc0e', 'mt', null, '2025-06-23 15:52:56.678752', '2025-06-23 15:52:56.678752'), ('3', 'nmt', 'majidtaherkhai555@gmail.com', 'scrypt:32768:8:1$M8oeScxs0gqLzN3i$91188d4323e66d5f9864160287902fed66a97bbfdf4f70e336a70e8fd64d89f163e3a326be2cf4ab37fa766c289fa918db844d66fe474ecea84fb670dcae0c74', 'nmt', null, '2025-06-25 05:45:24.493273', '2025-06-25 05:45:24.493273'), ('4', 'mty', 'majdi@gmail.com', 'scrypt:32768:8:1$3A3XnpGUJqkZ3oXa$d24b71723e860f00f7e7bce4eb37739c95c80adbe2061717a330d2689c7772d422b1be660ee665c2514287a4e3802194157569c95b23fa88a7c4599e5b910bb7', 'mty', null, '2025-07-04 20:47:37.887808', '2025-07-04 20:47:37.887808'), ('5', 'jamestest', 'jtreap@uwaterloo.ca', 'scrypt:32768:8:1$FyMMoQuhHAvTXgQa$1e1f91ab9441d547ee902c834cec5cda3f632da6de3c1f92f81df147836d45e26e43146427b9c8b0f6536e5326b07efb422dc4fe674481798bd94b3d8e1090c4', 'jamestest', null, '2025-07-05 00:38:30.684949', '2025-07-05 00:38:30.684949'), ('7', 'jamestest2', 'jtreap2@uwaterloo.ca', 'scrypt:32768:8:1$tHeOOZoRsPpSHGLV$787fcfb70499a420b5ad021cd8230d3509a0e76532321b5171b8200c1acf30a429eb3fe0cf385efb4b1d4595efc8b38cfebc22bad34c03e224e3f451e0461311', 'jamestest2', null, '2025-07-05 01:31:55.630556', '2025-07-05 01:31:55.630556'), ('8', 'demo', 'demo@gmail.com', 'scrypt:32768:8:1$EtrZOgMmT5pm1Otl$6f1cc45f4c4939bd7bea90be59ac0bc65bd153cbbe4acf15ba0bc36369e559e7d9ad03891d8f10eed0273ddf25b485b414d75d2587a271093e31fa8aacdc2ec3', 'demo', null, '2025-07-05 17:48:45.29304', '2025-07-05 17:48:45.29304'), ('9', 'John', 'john@gmail.com', 'scrypt:32768:8:1$cqiKF1pNYoZ5HhqD$476e12c42d654bbd3531c89531ab9af88a6e83f926534bf24285ba2250e978f6509511e89b3db2b7a27d62abba4298d22fc7ef871b47196e4b8f8a7b6b9e4a3f', 'John', null, '2025-07-05 18:31:03.847764', '2025-07-05 18:31:03.847764'), ('10', 'Joe', 'joe@gmail.com', 'scrypt:32768:8:1$qWPHigOurskqPR7h$d8ddff3f9c82639c4515bd627656ad1127007092640de3be9e28cc21ce99684452ffa17d17f038e423652b4d65f981273a8e52398be9ec53a2247c43b75150c7', 'Joe', null, '2025-07-05 18:31:20.483268', '2025-07-05 18:31:20.483268'), ('12', 'Jack', 'jack@gmail.com', 'scrypt:32768:8:1$OWx7jJabPyP5gxPp$f0e8f8afc06987f25bf2aadcdb37565468ce0aa678c283bd959a85e882d07875de236b99a71db64cc4aeeacb024e4e61719f6f5fe3e08225812d5b5149557404', 'Jack', null, '2025-07-05 18:31:35.216376', '2025-07-05 18:31:35.216376'), ('13', 'walsh', 'walsh@gmail.com', 'scrypt:32768:8:1$McLGz9nYQv7AAYgX$a84f215347f87295feef1140c9ed8c15f903805718031034575badfc3c39268c7eb6bc0438ff28c2aa62622b49ffb594c34975732ba4352703730835e140c867', 'walsh', null, '2025-07-05 18:47:14.71947', '2025-07-05 18:47:14.71947');
INSERT INTO rooms (id, name, picture_url, created_at, updated_at) VALUES ('1', 'group2', null, '2025-06-25 05:45:37.430495', '2025-06-25 05:45:37.430495'), ('2', 'uwtestroom', null, '2025-07-05 00:42:15.507489', '2025-07-05 00:42:15.507489'), ('3', 'uw_test_room', null, '2025-07-05 01:44:55.208825', '2025-07-05 01:44:55.208825'), ('4', 'uw_test_room', null, '2025-07-05 01:48:08.746472', '2025-07-05 01:48:08.746472'), ('5', 'uw_test_room', null, '2025-07-05 01:49:14.259439', '2025-07-05 01:49:14.259439'), ('6', '308 Negra Arroyo Lane', null, '2025-07-05 01:50:00.509695', '2025-07-05 01:50:00.509695'), ('7', '200 University Avenue', null, '2025-07-05 17:49:29.253999', '2025-07-05 17:49:29.253999'), ('8', '288 Bremner Blvd', null, '2025-07-05 17:50:01.593557', '2025-07-05 17:50:01.593557');
INSERT INTO room_members (id, room_id, user_id, created_at, updated_at) VALUES ('1', '1', '3', '2025-06-25 05:45:37.628534', '2025-06-25 05:45:37.628534'), ('2', '1', '1', '2025-06-25 06:21:06.477372', '2025-06-25 06:21:06.477372'), ('3', '1', '4', '2025-07-04 21:02:27.133431', '2025-07-04 21:02:27.133431'), ('4', '2', '5', '2025-07-05 00:42:15.693078', '2025-07-05 00:42:15.693078'), ('5', '2', '4', '2025-07-05 00:49:32.323948', '2025-07-05 00:49:32.323948'), ('6', '3', '7', '2025-07-05 01:44:55.39166', '2025-07-05 01:44:55.39166'), ('7', '4', '5', '2025-07-05 01:48:08.92948', '2025-07-05 01:48:08.92948'), ('8', '5', '5', '2025-07-05 01:49:14.458489', '2025-07-05 01:49:14.458489'), ('9', '6', '5', '2025-07-05 01:50:00.693068', '2025-07-05 01:50:00.693068'), ('10', '3', '5', '2025-07-05 01:59:08.692885', '2025-07-05 01:59:08.692885'), ('11', '7', '8', '2025-07-05 17:49:29.450583', '2025-07-05 17:49:29.450583'), ('12', '8', '8', '2025-07-05 17:50:01.773225', '2025-07-05 17:50:01.773225'), ('13', '7', '9', '2025-07-05 18:33:00.282934', '2025-07-05 18:33:00.282934'), ('14', '7', '10', '2025-07-05 18:33:15.369868', '2025-07-05 18:33:15.369868'), ('15', '7', '12', '2025-07-05 18:33:28.012236', '2025-07-05 18:33:28.012236');
INSERT INTO room_invitations (id, room_id, inviter_user_id, invitee_user_id, status, created_at, updated_at) VALUES ('1', '1', '3', '1', 'accepted', '2025-06-25 06:00:56.897608', '2025-06-25 06:21:06.289266'), ('2', '1', '1', '4', 'accepted', '2025-07-04 20:59:24.441134', '2025-07-04 21:02:26.951476'), ('3', '2', '5', '4', 'accepted', '2025-07-05 00:47:21.619714', '2025-07-05 00:49:32.129908'), ('4', '3', '7', '5', 'accepted', '2025-07-05 01:46:13.103493', '2025-07-05 01:59:08.496961'), ('5', '6', '5', '7', 'waiting', '2025-07-05 01:50:11.76103', '2025-07-05 01:50:11.76103'), ('6', '6', '5', '8', 'waiting', '2025-07-05 17:54:17.24934', '2025-07-05 17:54:17.24934'), ('7', '7', '8', '9', 'accepted', '2025-07-05 18:32:26.668696', '2025-07-05 18:33:00.091417'), ('8', '7', '8', '10', 'accepted', '2025-07-05 18:32:32.644323', '2025-07-05 18:33:15.182189'), ('9', '7', '8', '12', 'accepted', '2025-07-05 18:32:37.129295', '2025-07-05 18:33:27.82623');
INSERT INTO tasks (id, room_id, title, description, deadline, scheduled_date, created_at, updated_at) VALUES ('1', '1', 'Cleaning', null, '2025-07-31', null, '2025-07-04 18:42:57', '2025-07-04 18:43:32'), ('2', '8', 'Clean windows', 'Clean all windows in the common area', '2025-07-15', '2025-07-05', '2025-07-05 14:06:46', '2025-07-05 14:06:51'), ('3', '8', 'Vacuum the living room', 'Vacuum the carpet and under the furniture', '2025-07-08', '2025-07-07', '2025-07-05 14:15:05', '2025-07-05 14:15:01'), ('4', '8', 'Clean the bathroom', 'Scrub the shower, sink, and toilet', '2025-07-09', '2025-07-09', '2025-07-05 14:16:00', '2025-07-05 14:16:02'), ('5', '8', 'Clean out the fridge', 'Throw away expired food and wipe shelves', '2025-07-11', '2025-07-08', '2025-07-05 14:16:50', '2025-07-05 14:16:57'), ('6', '8', 'Water indoor plants', 'Water all potted plants in the living room and kitchen', '2025-07-09', null, '2025-07-05 14:18:46', '2025-07-05 14:18:44'), ('11', '7', 'Take out the trash', 'Empty all bins and take trash to the curb for pickup', '2025-07-06', '2025-07-05', '2025-07-05 14:21:00', '2025-07-05 14:21:05'), ('12', '7', 'Wash shared dishes', 'Clean any dishes left in the sink or on counters', '2025-07-05', '2025-07-05', '2025-07-05 14:21:10', '2025-07-05 14:21:12'), ('13', '7', 'Restock toilet paper', 'Check all bathrooms and refill toilet paper rolls', '2025-07-07', '2025-07-06', '2025-07-05 14:21:15', '2025-07-05 14:21:17'), ('14', '7', 'Clean the common area', 'Vacuum and wipe down surfaces in the living room', '2025-07-08', '2025-07-07', '2025-07-05 14:21:20', '2025-07-05 14:21:23'), ('15', '7', 'Buy shared groceries', 'Milk, eggs, bread, and other communal items', '2025-07-09', null, '2025-07-05 14:21:25', '2025-07-05 14:21:29'), ('16', '7', 'Rotate chore chart', 'Update the chore list and assign tasks', '2025-07-12', '2025-07-10', '2025-07-05 14:21:30', '2025-07-05 14:21:34'), ('17', '7', 'Pay utility bills', 'Split and pay electricity, water, and internet bills', '2025-07-15', '2025-07-13', '2025-07-05 14:21:36', '2025-07-05 14:21:38'), ('18', '7', 'Deep clean kitchen', 'Clean stove, counters, and mop the kitchen floor', '2025-07-10', '2025-07-09', '2025-07-05 14:21:40', '2025-07-05 14:21:45');
INSERT INTO task_users (id, task_id, user_id, status, created_at, updated_at) VALUES ('1', '1', '1', 'in-progress', '2025-07-04 18:44:24', '2025-07-04 18:44:27'), ('2', '2', '8', 'in-progress', '2025-07-05 16:58:12', '2025-07-05 16:58:15'), ('3', '3', '8', 'todo', '2025-07-05 17:19:08', '2025-07-10 17:19:10'), ('4', '11', '8', 'todo', '2025-07-02 09:15:00', '2025-07-02 09:16:00'), ('5', '12', '9', 'complete', '2025-07-03 10:22:45', '2025-07-04 12:00:00'), ('6', '13', '10', 'in-progress', '2025-07-01 14:30:12', '2025-07-01 14:45:00'), ('7', '14', '8', 'complete', '2025-07-02 08:50:00', '2025-07-03 09:10:00'), ('8', '15', '9', 'todo', '2025-07-03 11:00:00', '2025-07-03 11:00:00'), ('9', '16', '10', 'in-progress', '2025-07-04 16:00:00', '2025-07-04 16:05:00'), ('10', '17', '8', 'complete', '2025-07-02 13:00:00', '2025-07-05 10:00:00'), ('11', '18', '9', 'todo', '2025-07-03 09:30:00', '2025-07-03 09:45:00'), ('12', '11', '10', 'in-progress', '2025-07-01 17:45:00', '2025-07-01 17:50:00'), ('13', '12', '8', 'todo', '2025-07-04 07:15:00', '2025-07-04 07:20:00'), ('14', '13', '9', 'complete', '2025-07-05 08:30:00', '2025-07-05 08:30:00'), ('15', '14', '10', 'todo', '2025-07-05 09:00:00', '2025-07-05 09:10:00'), ('16', '15', '8', 'in-progress', '2025-07-04 10:10:00', '2025-07-04 10:15:00'), ('17', '16', '9', 'complete', '2025-07-01 16:00:00', '2025-07-01 16:20:00'), ('18', '17', '10', 'todo', '2025-07-03 13:30:00', '2025-07-03 13:35:00'), ('19', '18', '8', 'in-progress', '2025-07-02 14:00:00', '2025-07-02 14:30:00'), ('20', '11', '9', 'complete', '2025-07-01 15:00:00', '2025-07-04 12:30:00'), ('21', '12', '10', 'todo', '2025-07-05 14:10:00', '2025-07-05 14:20:00'), ('22', '13', '8', 'in-progress', '2025-07-05 10:00:00', '2025-07-05 10:05:00'), ('23', '14', '9', 'complete', '2025-07-02 12:00:00', '2025-07-03 08:00:00');
INSERT INTO bills (id, room_id, amount, title, category, payer_user_id, meta_data, status, scheduled_date, created_at, updated_at) VALUES ('1', '1', '20.00', 'walmart', 'q', '1', null, 'created', null, '2025-07-04 18:48:08', '2025-07-04 18:48:13'), ('2', '7', '42.75', 'Costco run', 'grocery', '8', null, 'created', null, '2025-07-05 19:30:00', '2025-07-05 19:30:05'), ('3', '7', '18.99', 'Netflix subscription', 'entertainment', '9', null, 'created', null, '2025-07-05 19:31:00', '2025-07-05 19:31:04'), ('4', '7', '65.00', 'Electric bill', 'utilities', '10', null, 'created', null, '2025-07-05 19:32:00', '2025-07-05 19:32:03'), ('5', '7', '23.49', 'Toilet paper and soap', 'household', '8', null, 'created', null, '2025-07-05 19:33:00', '2025-07-05 19:33:06'), ('6', '7', '12.00', 'Spotify family plan', 'entertainment', '9', null, 'created', null, '2025-07-05 19:34:00', '2025-07-05 19:34:03'), ('7', '7', '37.20', 'Shared groceries', 'grocery', '10', null, 'created', null, '2025-07-05 19:35:00', '2025-07-05 19:35:05'), ('8', '7', '29.99', 'Plunger & trash bags', 'household', '8', null, 'created', null, '2025-07-05 19:36:00', '2025-07-05 19:36:03'), ('9', '7', '89.00', 'Internet bill', 'utilities', '10', null, 'created', null, '2025-07-05 19:37:00', '2025-07-05 19:37:06');
INSERT INTO payments (id, room_id, amount, payer_user_id, payee_user_id, created_at, updated_at, title, category) VALUES ('1', '1', '20.00', '1', '3', '2025-07-04 18:47:11', '2025-07-04 18:47:15', 'Untitled Payment', 'Uncategorized'), ('2', '7', '32.00', '8', '9', '2025-07-05 14:39:46', '2025-07-05 14:39:55', 'Untitled Payment', 'Uncategorized'), ('3', '7', '45.75', '10', '8', '2025-07-06 14:42:02', '2025-07-06 14:42:06', 'Untitled Payment', 'Uncategorized'), ('4', '7', '45.00', '8', '10', '2025-07-01 14:45:14', '2025-07-01 14:45:16', 'Untitled Payment', 'Uncategorized'), ('18', '7', '30.00', '8', '9', '2025-07-05 18:00:00', '2025-07-05 18:00:03', 'Untitled Payment', 'Uncategorized'), ('19', '7', '22.50', '10', '8', '2025-07-05 18:10:00', '2025-07-05 18:10:05', 'Untitled Payment', 'Uncategorized'), ('20', '7', '45.00', '8', '10', '2025-07-05 18:20:00', '2025-07-05 18:20:04', 'Untitled Payment', 'Uncategorized'), ('21', '7', '28.75', '10', '8', '2025-07-05 18:30:00', '2025-07-05 18:30:02', 'Untitled Payment', 'Uncategorized'), ('22', '7', '35.60', '8', '10', '2025-07-05 18:40:00', '2025-07-05 18:40:05', 'Untitled Payment', 'Uncategorized'), ('23', '7', '19.99', '9', '8', '2025-07-05 18:50:00', '2025-07-05 18:50:03', 'Untitled Payment', 'Uncategorized'), ('24', '7', '41.25', '8', '10', '2025-07-05 19:00:00', '2025-07-05 19:00:06', 'Untitled Payment', 'Uncategorized'), ('25', '7', '26.40', '10', '8', '2025-07-05 19:10:00', '2025-07-05 19:10:02', 'Untitled Payment', 'Uncategorized'), ('27', '7', '135.00', '8', '9', '2025-07-10 21:51:31.745454', '2025-07-10 21:51:31.745454', 'Walmart', 'grocery');
PRAGMA foreign_keys = ON;
